id;code;date;details;status;payment_method;payment_date;payment_amount
1;Texas Focused;2021-05-08T01:05:24;Loop;CANCELLED;PAYPAL;2021-05-08T01:57:06;67683
2;Frozen Berkshire reciprocal;2021-05-07T18:53:40;Borders Home access;CANCELLED;PAYPAL;2021-05-08T05:33:43;62834
3;Legacy;2021-05-07T12:41:46;EXE Director open;CANCELLED;CREDIT_CARD;2021-05-08T06:17:13;58385
4;Integration RAM;2021-05-08T00:37:44;Garden Analyst Agent;CANCELLED;PAYPAL;2021-05-08T02:32:40;53788
5;deposit Electronics;2021-05-07T13:25:54;Concrete Toys Plains;CANCELLED;CASH_ON_DELIVERY;2021-05-08T02:52:53;40069
6;applications Handmade Rubber;2021-05-07T15:38:59;Home Barbados;ISSUED;CREDIT_CARD;2021-05-07T23:28:45;44406
7;Generic User-centric program;2021-05-08T07:32:20;applications Inverse Carolina;ISSUED;PAYPAL;2021-05-08T07:19:00;47840
8;pink value-added;2021-05-08T05:45:06;Rubber XSS;CANCELLED;CASH_ON_DELIVERY;2021-05-08T07:44:08;15397
9;online deposit transmit;2021-05-07T23:04:21;Dynamic;PAID;PAYPAL;2021-05-07T11:36:19;69623
10;Handcrafted Wooden;2021-05-08T08:43:50;Unions silver Real;PAID;CASH_ON_DELIVERY;2021-05-07T17:07:55;10900
